date,genre,actual_streams_total,predicted_streams_total
2022-04-10,african_music,6286668.0,5486957.613703227
2022-04-17,african_music,5935963.0,6164691.86572211
2022-04-24,african_music,6182191.0,5891088.942280064
2022-05-01,african_music,6507623.0,6100247.564571709
2022-05-08,african_music,6314821.0,6280484.844116551
2022-05-15,african_music,5804088.0,6217557.397904659
2022-05-22,african_music,5775244.0,5888615.773772095
2022-05-29,african_music,6546153.0,5857447.529176503
2018-11-04,alternative,4534592.0,4688774.759753551
2018-11-11,alternative,4485166.0,4396211.408851802
2018-11-18,alternative,4319725.0,4354810.764721074
2018-11-25,alternative,4265907.0,4272162.411198576
2019-01-06,alternative,4501989.0,4515564.0150917685
2019-01-13,alternative,4442656.0,4292475.320435823
2019-01-20,alternative,4470319.0,4258750.234148762
2019-04-14,alternative,4529277.0,4536214.439054278
2020-05-10,alternative,4634049.0,4663540.975700357
2020-05-17,alternative,4500453.0,4640977.004858539
2020-05-24,alternative,4381190.0,4606509.018468946
2020-08-09,alternative,4476954.0,4554036.710186583
2021-01-17,alternative,4958727.0,6037366.010490504
2021-01-24,alternative,4980403.0,6037366.010490504
2021-01-31,alternative,5089970.0,6037366.010490504
2021-02-07,alternative,5114261.0,6204652.566900002
2021-02-14,alternative,5060361.0,6222130.48308561
2021-02-21,alternative,4898960.0,6189994.039225831
2021-02-28,alternative,4985349.0,6130168.81157983
2021-03-07,alternative,5016283.0,6115642.928128822
2021-07-18,alternative,4938180.0,4733614.158787296
2021-09-19,alternative,5310598.0,16881118.98152538
2021-09-26,alternative,5333841.0,6535895.089455863
2021-10-03,alternative,10445286.0,11196902.6967148
2021-10-10,alternative,10412297.0,11190141.890880208
2021-10-17,alternative,5392156.0,6535895.089455863
2021-10-24,alternative,5361073.0,6535895.089455863
2021-10-31,alternative,5513652.0,6535895.089455863
2021-11-07,alternative,6309259.0,6537275.636255352
2022-01-09,alternative,5295318.0,6956389.866837341
2022-01-16,alternative,5616046.0,6037365.849721796
2022-01-23,alternative,5686731.0,6047962.837990195
2022-01-30,alternative,5728439.0,6043525.518769415
2022-02-06,alternative,11483635.0,12101614.400610618
2022-02-13,alternative,11633293.0,12101614.400610618
2022-02-20,alternative,11431898.0,12101614.400610618
2022-02-27,alternative,11005192.0,12112585.763509626
2022-03-06,alternative,5561381.0,6075219.91378783
2022-03-13,alternative,5539966.0,6075219.91378783
2022-03-20,alternative,5442816.0,6075219.91378783
2022-03-27,alternative,5337737.0,6075219.91378783
2022-10-09,alternative,7245736.0,8129251.371227096
2022-10-16,alternative,7229592.0,8129251.371227096
2022-10-23,alternative,7009174.0,8129251.371227096
2022-10-30,alternative,7090903.0,8108133.396788003
2022-11-06,alternative,6420648.0,8187179.85921061
2023-01-22,alternative,6877569.0,19547324.24610271
2023-09-17,alternative,7812003.0,19544201.562792912
2023-09-24,alternative,7728417.0,16730627.986116044
2024-01-21,alternative,8348012.0,8170700.18491662
2024-01-28,alternative,8479761.0,8230041.548456067
2024-02-04,alternative,8669719.0,8302532.343908618
2024-03-03,alternative,8270349.0,8399038.294367947
2024-03-10,alternative,17628132.0,17758563.331927735
2024-03-17,alternative,9000933.0,9462928.047246693
2024-03-24,alternative,8940522.0,9388852.986756478
2024-03-31,alternative,8795500.0,9448405.799810499
2024-04-07,alternative,17091446.0,17803646.63633957
2024-04-14,alternative,8545447.0,8358004.693724515
2024-04-21,alternative,17073384.0,17766272.37240674
2024-04-28,alternative,8707119.0,9328306.491855526
2024-09-01,alternative,11996486.0,4733614.158787296
2024-09-08,alternative,13393178.0,4728407.8394483365
2024-09-15,alternative,10077440.0,4731442.08670572
2024-09-29,alternative,10263164.0,10008799.349571405
2024-10-06,alternative,19250253.0,15567174.461116284
2024-10-13,alternative,28478041.0,20991713.33757106
2024-10-20,alternative,36735240.0,32876512.177941483
2024-10-27,alternative,27795180.0,28245023.671886824
2024-11-03,alternative,17944191.0,18293033.570156142
2024-11-10,alternative,34563854.0,37480861.604151525
2024-11-17,alternative,45050850.0,42762466.0711818
2024-11-24,alternative,18333969.0,18483893.33245528
2024-12-01,alternative,28361564.0,27826219.581496812
2024-12-15,alternative,9953619.0,10198479.860404124
2025-01-05,alternative,8377777.0,9174439.6782843
2025-01-12,alternative,8477114.0,8750205.351311086
2025-01-19,alternative,36314525.0,38925084.015281595
2025-01-26,alternative,46077737.0,47779239.91981977
2025-02-02,alternative,104301146.0,104375211.9958016
2025-02-09,alternative,93950570.0,95523419.53285596
2025-02-16,alternative,91833447.0,90826615.017055
2025-02-23,alternative,69990723.0,75527161.29060957
2025-03-02,alternative,77480820.0,83286537.48121412
2025-03-09,alternative,76404386.0,82827861.86324567
2025-03-16,alternative,61190096.0,62214332.2742316
2025-03-23,alternative,53662284.0,53414830.15705344
2022-09-04,asian_music,7097430.0,8562935.603003433
2022-09-11,asian_music,6227162.0,8110969.467807454
2022-09-18,asian_music,6242748.0,8135834.067455835
2022-09-25,asian_music,6406915.0,7365773.857873987
2022-10-02,asian_music,6062235.0,7783940.823751827
2022-10-09,asian_music,6042310.0,7783940.823751827
2022-10-16,asian_music,5984793.0,7783940.823751827
2022-10-23,asian_music,6073646.0,7234497.770094144
2018-06-24,dance,3922084.0,4501343.276268552
2018-07-01,dance,3935635.0,4542034.458808234
2018-07-08,dance,4249271.0,4524065.996134623
2018-07-15,dance,3923893.0,4542034.458808234
2018-08-05,dance,3827877.0,4902252.447099121
2018-09-30,dance,3947085.0,4845142.833383844
2018-10-21,dance,3943474.0,4845142.833383844
2018-10-28,dance,4188485.0,4501343.276268552
2019-01-20,dance,4516997.0,4296273.603599495
2019-01-27,dance,4514060.0,4374370.049353212
2019-02-03,dance,4502994.0,4385137.596158364
2019-02-10,dance,4781060.0,4385137.596158364
2019-02-17,dance,4968424.0,5027281.04915025
2019-02-24,dance,4835589.0,5186108.044992317
2019-03-03,dance,4699265.0,5089860.02541923
2019-03-10,dance,4541371.0,4864272.055802645
2019-07-07,dance,4848282.0,5031908.82123941
2019-07-14,dance,4677633.0,5031908.82123941
2019-07-21,dance,4762302.0,5031908.82123941
2019-07-28,dance,4646031.0,5031908.82123941
2019-08-04,dance,4479353.0,5064888.786279363
2019-08-11,dance,4479942.0,5064888.786279363
2019-08-18,dance,4418682.0,5064888.786279363
2019-08-25,dance,4419337.0,5064888.786279363
2020-09-27,dance,4813448.0,5068473.6210248675
2020-10-04,dance,4873917.0,5068473.6210248675
2020-10-11,dance,4932443.0,5068473.6210248675
2020-10-18,dance,4933943.0,5068473.6210248675
2020-10-25,dance,4895499.0,5068473.6210248675
2020-11-01,dance,4801382.0,5068473.6210248675
2020-11-22,dance,4781588.0,8502186.130647752
2021-01-10,dance,4655272.0,8589567.942307541
2021-06-06,dance,5730416.0,5604977.822191105
2021-06-13,dance,5607927.0,5611599.202283339
2021-06-20,dance,5504155.0,5603163.49117431
2021-06-27,dance,5224753.0,5644719.790248909
2021-07-04,dance,5146326.0,5649745.87459175
2021-07-11,dance,5159845.0,5626544.462310982
2021-07-18,dance,5119428.0,5618284.548188748
2021-07-25,dance,5235088.0,5618284.548188748
2022-01-09,dance,5295318.0,6956389.866837341
2022-01-16,dance,5616046.0,6037365.849721796
2022-01-23,dance,5686731.0,6047962.837990195
2022-01-30,dance,5728439.0,6043525.518769415
2022-02-06,dance,5597800.0,6026394.48682279
2022-02-13,dance,5742152.0,6026394.48682279
2022-02-20,dance,5574007.0,6026394.48682279
2022-02-27,dance,5339597.0,6037365.849721796
2023-01-15,dance,21754114.0,24670522.155762747
2023-01-22,dance,21774455.0,22139354.267538153
2023-01-29,dance,14702307.0,14270413.372831002
2023-02-05,dance,7511285.0,6857315.324475379
2023-02-12,dance,14711767.0,15568794.192369327
2023-02-19,dance,7602501.0,6857315.324475379
2023-02-26,dance,7479677.0,6676012.263962018
2023-06-18,dance,7719036.0,7022927.569934605
2023-11-26,dance,7827931.0,8518317.438113607
2023-12-03,dance,8161775.0,8502824.74780866
2023-12-10,dance,8833050.0,8489317.99631223
2024-01-14,dance,7807507.0,10379641.978770033
2024-01-21,dance,8410516.0,8478149.65061082
2024-01-28,dance,8601554.0,8717866.076041488
2024-02-04,dance,8559388.0,8760141.816859042
2024-02-11,dance,8523842.0,8747478.672896752
2024-06-30,dance,8796980.0,8862315.371245604
2024-07-07,dance,8639466.0,8507273.96154935
2024-07-14,dance,16866427.0,16021587.14172978
2024-07-21,dance,8699764.0,8706542.914414875
2024-07-28,dance,8672897.0,8007178.563681378
2024-08-04,dance,8569901.0,8365376.412532962
2024-08-11,dance,9043121.0,8189435.1890069535
2024-08-18,dance,8683855.0,8214343.145230581
2024-08-25,dance,17752585.0,18919145.300838806
2024-10-06,dance,9327282.0,10376848.35776715
2024-10-13,dance,9314346.0,10420906.116205968
2024-10-20,dance,18397030.0,20523990.312993716
2024-10-27,dance,10079705.0,10038042.100543352
2024-11-03,dance,18276619.0,22735117.27310299
2024-11-10,dance,17616802.0,22061572.65602436
2024-11-17,dance,8806123.0,12358579.49722404
2024-11-24,dance,8981781.0,12372076.20598434
2025-01-05,dance,8905312.0,12923281.384358285
2025-01-12,dance,12634116.0,9280059.151281312
2025-01-19,dance,11902186.0,9280059.151281312
2025-01-26,dance,20271292.0,17813921.42297891
2025-02-02,dance,32850007.0,32731290.610919476
2025-02-09,dance,42611787.0,41540126.84281958
2025-02-16,dance,30883898.0,32747817.422107093
2025-02-23,dance,21487215.0,20908352.33962188
2025-03-02,dance,29372402.0,30049026.159421675
2025-03-09,dance,28348932.0,29959872.529026072
2025-03-16,dance,29121394.0,26112036.658418067
2025-03-23,dance,20005279.0,18030618.46831423
2024-10-20,dubstep,9474300.0,10147141.955226567
2024-10-27,dubstep,10079705.0,10038042.100543352
2024-11-03,dubstep,9212114.0,9862583.178121295
2024-11-10,dubstep,8877789.0,9738903.339812975
2025-02-09,dubstep,10063691.0,9697358.448144255
2025-02-16,dubstep,9175045.0,9770536.754211366
2025-03-09,dubstep,8024969.0,9663494.15541437
2025-03-16,dubstep,8452867.0,7553800.862874189
2022-01-09,electro,5295318.0,6956389.866837341
2022-01-16,electro,5616046.0,6037365.849721796
2022-01-23,electro,5686731.0,6047962.837990195
2022-01-30,electro,5728439.0,6043525.518769415
2022-02-06,electro,5597800.0,6026394.48682279
2022-02-13,electro,5742152.0,6026394.48682279
2022-02-20,electro,5574007.0,6026394.48682279
2022-02-27,electro,5339597.0,6037365.849721796
2023-01-15,electro,14071047.0,15395389.324167987
2023-01-22,electro,14324622.0,15043449.41354948
2023-01-29,electro,7098332.0,7182762.413740676
2023-02-12,electro,7211316.0,8892781.928407308
2024-06-30,electro,8796980.0,8862315.371245604
2024-07-07,electro,8639466.0,8507273.96154935
2024-07-14,electro,16866427.0,16021587.14172978
2024-07-21,electro,8699764.0,8706542.914414875
2024-07-28,electro,8672897.0,8007178.563681378
2024-08-04,electro,8569901.0,8365376.412532962
2024-08-11,electro,9043121.0,8189435.1890069535
2024-08-18,electro,8683855.0,8214343.145230581
2024-08-25,electro,8847656.0,9633798.761338612
2024-10-06,electro,9327282.0,10376848.35776715
2024-10-13,electro,9314346.0,10420906.116205968
2024-10-20,electro,18397030.0,20523990.312993716
2024-10-27,electro,10079705.0,10038042.100543352
2024-11-03,electro,18276619.0,22735117.27310299
2024-11-10,electro,17616802.0,22061572.65602436
2024-11-17,electro,8806123.0,12358579.49722404
2024-11-24,electro,8981781.0,12372076.20598434
2025-01-05,electro,8905312.0,12923281.384358285
2025-02-09,electro,10063691.0,9697358.448144255
2025-02-16,electro,9175045.0,9770536.754211366
2025-03-09,electro,8024969.0,9663494.15541437
2025-03-16,electro,8452867.0,7553800.862874189
2024-06-23,film_scores,11335146.0,10430873.702246547
2024-06-30,film_scores,12086845.0,11346482.315162603
2024-07-07,film_scores,12614930.0,11540270.02162804
2024-07-14,film_scores,11490556.0,12566458.090232147
2024-07-21,film_scores,10491346.0,11495467.35784476
2024-08-04,film_scores,8317350.0,11327851.195445798
2024-08-11,film_scores,9005178.0,10503906.382935824
2024-08-18,film_scores,8705960.0,10524512.369192606
2025-02-02,film_scores,18958475.0,19242840.32994949
2025-02-09,film_scores,20725085.0,19416142.02329812
2025-02-16,film_scores,20345487.0,19933611.31842936
2025-02-23,film_scores,18953513.0,19708981.407569118
2025-03-02,film_scores,18347304.0,19191512.112437874
2025-03-09,film_scores,17299035.0,18528642.618698016
2025-03-16,film_scores,17468653.0,16375069.048008451
2025-03-23,film_scores,16794064.0,15465667.330008598
2024-06-23,films_games,11335146.0,10430873.702246547
2024-06-30,films_games,12086845.0,11346482.315162603
2024-07-07,films_games,12614930.0,11540270.02162804
2024-07-14,films_games,11490556.0,12566458.090232147
2024-07-21,films_games,10491346.0,11495467.35784476
2024-08-04,films_games,8317350.0,11327851.195445798
2024-08-11,films_games,9005178.0,10503906.382935824
2024-08-18,films_games,8705960.0,10524512.369192606
2025-02-02,films_games,18958475.0,19242840.32994949
2025-02-09,films_games,20725085.0,19416142.02329812
2025-02-16,films_games,20345487.0,19933611.31842936
2025-02-23,films_games,18953513.0,19708981.407569118
2025-03-02,films_games,18347304.0,19191512.112437874
2025-03-09,films_games,17299035.0,18528642.618698016
2025-03-16,films_games,17468653.0,16375069.048008451
2025-03-23,films_games,16794064.0,15465667.330008598
2021-07-18,indie_pop,4938180.0,4733614.158787296
2021-10-03,indie_pop,5061858.0,4661007.607258937
2021-10-10,indie_pop,4967495.0,4654246.801424344
2022-10-09,indie_pop,7245736.0,8129251.371227096
2022-10-16,indie_pop,7229592.0,8129251.371227096
2022-10-23,indie_pop,7009174.0,8129251.371227096
2022-10-30,indie_pop,7090903.0,8108133.396788003
2022-11-06,indie_pop,6420648.0,8187179.85921061
2023-01-22,indie_pop,6877569.0,19547324.24610271
2023-09-17,indie_pop,7812003.0,19544201.562792912
2023-09-24,indie_pop,7728417.0,16730627.986116044
2024-09-01,indie_pop,11996486.0,4733614.158787296
2024-09-08,indie_pop,13393178.0,4728407.8394483365
2024-09-15,indie_pop,10077440.0,4731442.08670572
2024-10-13,indie_pop,9105265.0,4733614.158787296
2024-10-20,indie_pop,8770734.0,4726853.352952703
2022-10-09,indie_pop_folk,7245736.0,8129251.371227096
2022-10-16,indie_pop_folk,7229592.0,8129251.371227096
2022-10-23,indie_pop_folk,7009174.0,8129251.371227096
2022-10-30,indie_pop_folk,7090903.0,8108133.396788003
2022-11-06,indie_pop_folk,6420648.0,8187179.85921061
2023-01-22,indie_pop_folk,6877569.0,19547324.24610271
2023-09-17,indie_pop_folk,7812003.0,19544201.562792912
2023-09-24,indie_pop_folk,7728417.0,16730627.986116044
2021-07-18,indie_rock,4938180.0,4733614.158787296
2021-10-03,indie_rock,5061858.0,4661007.607258937
2021-10-10,indie_rock,4967495.0,4654246.801424344
2024-09-01,indie_rock,11996486.0,4733614.158787296
2024-09-08,indie_rock,13393178.0,4728407.8394483365
2024-09-15,indie_rock,10077440.0,4731442.08670572
2024-10-13,indie_rock,9105265.0,4733614.158787296
2024-10-20,indie_rock,8770734.0,4726853.352952703
2025-01-26,international_pop,9141020.0,9001129.203817377
2025-02-02,international_pop,19417090.0,19889721.50647209
2025-02-09,international_pop,19883042.0,19820992.19768814
2025-02-16,international_pop,19963158.0,19945692.20391708
2025-02-23,international_pop,19644960.0,19926161.84868764
2025-03-02,international_pop,19588907.0,20017913.413197108
2025-03-09,international_pop,18499568.0,19447147.30015733
2025-03-16,international_pop,19057629.0,19075621.83529553
2025-03-23,international_pop,10281079.0,10265280.4398736
2019-08-25,latin_music,4810338.0,4885797.888770051
2019-09-01,latin_music,4816645.0,4850847.009504593
2019-09-08,latin_music,4712477.0,4823291.170612185
2019-09-15,latin_music,4770829.0,4786800.424723832
2019-09-22,latin_music,4592481.0,4797438.401063081
2019-09-29,latin_music,4478821.0,4783740.810008642
2019-10-20,latin_music,4372874.0,6865144.185218858
2020-01-05,latin_music,4620876.0,6763684.494428177
2021-02-28,latin_music,5083545.0,5211313.102439458
2021-03-07,latin_music,5165664.0,5211313.102439458
2021-03-14,latin_music,5195767.0,5211313.102439458
2021-03-21,latin_music,5231171.0,5211313.102439458
2021-03-28,latin_music,5112620.0,5213592.663093465
2021-04-11,latin_music,5088054.0,5655130.622415964
2021-04-25,latin_music,4974079.0,5655130.622415964
2021-05-02,latin_music,4992396.0,5211313.102439458
2022-10-02,latin_music,6061148.0,6273178.505579787
2022-10-09,latin_music,5994625.0,6274354.0340607995
2022-10-16,latin_music,6060587.0,6265163.426593532
2022-10-23,latin_music,6277866.0,6279165.222495782
2022-10-30,latin_music,6467450.0,6279165.222495782
2022-11-06,latin_music,6599461.0,6396264.464529064
2022-11-20,latin_music,6691935.0,16945312.264705785
2022-11-27,latin_music,13446337.0,22067647.331721015
2022-12-04,latin_music,7117373.0,9461588.187815072
2022-12-11,latin_music,7837815.0,9481140.452537797
2022-12-18,latin_music,7518721.0,9596912.069039755
2022-12-25,latin_music,7648822.0,9542873.855287367
2023-01-01,latin_music,7837299.0,9710404.181440173
2023-01-08,latin_music,10383444.0,10323975.9800219
2023-01-15,latin_music,7642191.0,10381969.821011866
2023-03-12,latin_music,7776839.0,7778764.202895794
2023-03-19,latin_music,7867006.0,7737831.228225877
2023-03-26,latin_music,8001584.0,7832228.279983697
2023-04-02,latin_music,7688097.0,7839062.94165975
2023-10-08,latin_music,8837666.0,9551357.375149446
2023-10-15,latin_music,9273448.0,9706640.014389953
2023-10-22,latin_music,10095774.0,9706640.014389953
2023-10-29,latin_music,8480715.0,9729374.867413864
2023-11-05,latin_music,8325574.0,9706640.014389953
2023-11-12,latin_music,8179493.0,9706640.014389953
2023-11-19,latin_music,8062144.0,9706640.014389953
2023-11-26,latin_music,8039916.0,9706640.014389953
2025-01-12,latin_music,9350121.0,7869198.147877698
2025-01-19,latin_music,10966333.0,8819784.231631322
2025-01-26,latin_music,9632121.0,9019797.920599274
2025-02-02,latin_music,8792649.0,9017778.429825725
2019-04-07,pop,4468183.0,4641746.115776041
2019-04-28,pop,4319168.0,5221405.747762509
2019-05-12,pop,9232271.0,10498074.86413021
2019-05-19,pop,14574323.0,14718564.524962068
2019-05-26,pop,14520706.0,14630433.020728499
2019-06-02,pop,14699502.0,14622564.347575173
2019-06-09,pop,14333374.0,14684283.086221661
2019-06-16,pop,9603677.0,10017714.557463583
2019-06-23,pop,4467009.0,5276669.1163677005
2019-06-30,pop,4421926.0,5276669.1163677005
2019-07-07,pop,4496772.0,4475083.072112166
2019-07-14,pop,8718080.0,9337317.635206446
2019-08-18,pop,4237345.0,4743196.717831568
2019-08-25,pop,9037634.0,9318912.492218494
2019-09-01,pop,4816645.0,4850847.009504593
2019-09-08,pop,9256472.0,9566487.888443753
2019-09-15,pop,4770829.0,4786800.424723832
2019-09-22,pop,4592481.0,4797438.401063081
2019-09-29,pop,4478821.0,4783740.810008642
2019-10-20,pop,4372874.0,6865144.185218858
2019-10-27,pop,4898649.0,4859741.954058001
2019-11-03,pop,4717027.0,4861805.366522923
2019-11-10,pop,4732249.0,4777167.3605905855
2019-11-17,pop,4790941.0,4751429.434703977
2019-11-24,pop,4666355.0,4722906.413780491
2019-12-01,pop,4576010.0,4714429.811798875
2020-01-05,pop,9410771.0,13510727.692895222
2020-01-12,pop,4691500.0,6025079.057261907
2020-01-19,pop,4834289.0,6018591.462641654
2020-02-16,pop,9750949.0,12637280.637929607
2020-02-23,pop,4984764.0,4832732.868641507
2020-03-15,pop,5166429.0,5538506.972223165
2020-03-22,pop,4758806.0,5576709.02507766
2020-03-29,pop,9391468.0,11102152.842534102
2020-04-05,pop,4769656.0,5552973.594642865
2020-04-12,pop,9404108.0,16045120.120006599
2020-04-19,pop,9103408.0,14925508.871494647
2020-04-26,pop,9024231.0,14925508.871494647
2020-05-03,pop,8790285.0,14901153.107088167
2020-05-10,pop,9073297.0,10460361.740132358
2020-05-17,pop,17862219.0,19776940.88775862
2020-05-24,pop,13540171.0,14286342.948957842
2020-05-31,pop,13478327.0,14269700.28946417
2020-06-14,pop,22092929.0,48840520.91915055
2020-06-21,pop,17885554.0,30015706.6105534
2020-06-28,pop,22187124.0,36996572.70226682
2020-07-05,pop,22094378.0,39019154.15222429
2020-07-12,pop,13561714.0,19974593.137864634
2020-07-19,pop,4676485.0,4765886.00430064
2020-07-26,pop,4707335.0,4765886.00430064
2020-08-02,pop,4601526.0,4760845.388139024
2020-08-09,pop,4519936.0,4749808.0760733755
2020-08-16,pop,4490904.0,4749808.0760733755
2020-08-23,pop,4407562.0,4749808.0760733755
2020-08-30,pop,4390823.0,4749808.0760733755
2020-10-11,pop,4841983.0,4487432.467604487
2020-10-18,pop,4853085.0,4690558.353915118
2020-10-25,pop,4767985.0,4693132.7707844265
2020-11-01,pop,5079328.0,12892398.954974715
2020-11-08,pop,5229835.0,11232954.008814773
2021-01-31,pop,4849283.0,4834874.892018318
2021-02-07,pop,4918699.0,4863027.664380922
2021-02-21,pop,4995623.0,4863254.309920403
2021-02-28,pop,5083545.0,5211313.102439458
2021-03-07,pop,5165664.0,5211313.102439458
2021-03-14,pop,11174069.0,11747501.756552417
2021-03-21,pop,11077158.0,11747501.756552417
2021-03-28,pop,10844935.0,11749781.317206426
2021-04-04,pop,5716323.0,6536188.65411296
2021-04-11,pop,10612844.0,12191319.276528925
2021-04-18,pop,5261791.0,6536188.65411296
2021-04-25,pop,10112652.0,12191319.276528925
2021-05-02,pop,10068792.0,11747501.756552417
2021-07-04,pop,5489681.0,6324512.255955209
2021-07-11,pop,5361658.0,6324512.255955209
2021-07-18,pop,5322519.0,6324512.255955209
2021-07-25,pop,5328389.0,6324512.255955209
2021-08-01,pop,5238547.0,6324512.255955209
2021-08-08,pop,5115477.0,6324512.255955209
2021-08-15,pop,5053737.0,6324512.255955209
2021-08-22,pop,4976644.0,6324512.255955209
2021-09-19,pop,5525535.0,5530489.260648985
2021-09-26,pop,5484067.0,5520223.352662246
2021-10-03,pop,5426741.0,5405853.091625974
2021-10-10,pop,5411548.0,5370447.380501933
2021-10-17,pop,5309688.0,5295836.237366345
2021-10-24,pop,5229086.0,5190181.0503012715
2021-10-31,pop,5277739.0,5192278.42594616
2021-11-14,pop,5182911.0,6574411.916148707
2022-01-09,pop,5295318.0,6956389.866837341
2022-01-16,pop,5616046.0,6037365.849721796
2022-01-23,pop,5686731.0,6047962.837990195
2022-01-30,pop,5728439.0,6043525.518769415
2022-02-06,pop,5597800.0,6026394.48682279
2022-02-13,pop,5742152.0,6026394.48682279
2022-02-20,pop,5574007.0,6026394.48682279
2022-02-27,pop,10726014.0,12155958.33140411
2022-03-13,pop,5282356.0,6118592.481682315
2022-03-20,pop,11299975.0,11827697.465429217
2022-03-27,pop,5927069.0,6364958.86817958
2022-04-03,pop,11227445.0,12460805.094403833
2022-04-10,pop,11012986.0,11850443.720887277
2022-04-17,pop,11207857.0,11850443.720887277
2022-04-24,pop,10715015.0,11850443.720887277
2022-05-01,pop,5450616.0,6378364.803200677
2022-05-08,pop,5450852.0,6378364.803200677
2022-05-15,pop,6820158.0,6945223.688711643
2022-05-22,pop,6759928.0,6913761.167569389
2022-05-29,pop,7815600.0,6943502.37271305
2022-06-05,pop,6186654.0,7070920.000495417
2022-06-12,pop,5983548.0,6515121.623334451
2022-06-19,pop,6021888.0,6096456.922229251
2022-06-26,pop,6039798.0,5708328.705927535
2022-07-03,pop,12568888.0,13460163.871577127
2022-07-10,pop,6603765.0,8047101.010991023
2022-07-17,pop,6413290.0,8047101.010991023
2022-07-24,pop,12754263.0,15139122.636374068
2022-07-31,pop,18208279.0,20879531.859586846
2022-08-07,pop,12368674.0,15139122.636374068
2022-08-14,pop,18432380.0,21087795.051346827
2022-08-21,pop,17806398.0,20985184.596286856
2022-08-28,pop,11928380.0,12833621.325964447
2022-09-04,pop,12557524.0,15038808.032302927
2022-09-11,pop,18422417.0,20917437.8254695
2022-09-18,pop,18638902.0,19810816.866376232
2022-09-25,pop,26083663.0,28962040.101899073
2022-10-02,pop,34195950.0,38052744.00895746
2022-10-09,pop,34464189.0,40407971.91482073
2022-10-16,pop,40107531.0,46303678.42533693
2022-10-23,pop,27729678.0,32431044.432892017
2022-10-30,pop,34678806.0,39414406.17532234
2022-11-06,pop,26557719.0,34494897.959512584
2022-11-13,pop,14513618.0,16176685.650942963
2022-11-20,pop,14056751.0,16176685.650942963
2022-11-27,pop,13682885.0,16176685.650942963
2022-12-04,pop,14052028.0,16176685.650942963
2022-12-11,pop,7429498.0,7865767.748990319
2022-12-25,pop,7833603.0,8271543.974478957
2023-01-01,pop,7429518.0,8724358.291647231
2023-01-08,pop,38248203.0,77805210.084098
2023-01-15,pop,28798909.0,38552516.26497172
2023-01-22,pop,28574130.0,42615091.94262407
2023-01-29,pop,14396389.0,16842600.338728547
2023-02-05,pop,20979195.0,33848908.17178952
2023-02-12,pop,7141718.0,9659837.924987873
2023-04-16,pop,7965990.0,8301379.179221596
2023-04-23,pop,7729930.0,8242287.716203422
2023-04-30,pop,7653582.0,8157265.506355465
2023-05-07,pop,7721821.0,8166996.5001707
2023-05-14,pop,8351377.0,8135394.184414538
2023-05-21,pop,8148896.0,8137206.859556431
2023-05-28,pop,7852318.0,8096531.24962815
2023-06-04,pop,7812505.0,8115586.271462752
2023-06-11,pop,8106960.0,8177207.63811118
2023-06-18,pop,15656026.0,16792521.17533257
2023-06-25,pop,15524471.0,16792521.17533257
2023-07-02,pop,16295765.0,16725325.629482862
2023-07-09,pop,23983585.0,40026171.802761085
2023-07-23,pop,8062596.0,8480617.82197638
2023-07-30,pop,7887250.0,8480617.82197638
2023-08-27,pop,7594583.0,16595535.122450156
2023-09-03,pop,7854900.0,11177189.369330006
2023-09-17,pop,24643815.0,50953675.76540562
2023-09-24,pop,16587510.0,29095278.82320297
2023-10-01,pop,8052216.0,11972221.334449664
2023-10-08,pop,15281077.0,20057665.912590943
2024-02-25,pop,8816443.0,9311174.946120156
2024-03-03,pop,8731118.0,9056347.389444953
2024-03-10,pop,8651739.0,9104418.581593687
2024-03-17,pop,16995445.0,16829219.28550937
2024-03-24,pop,16908030.0,16696936.068426218
2024-03-31,pop,8558172.0,8386415.489047064
2024-06-16,pop,10140685.0,10340979.093308864
2024-06-23,pop,10761710.0,10135380.4605479
2024-06-30,pop,11541506.0,10492239.343922181
2024-07-07,pop,19838959.0,17693583.743739188
2024-07-14,pop,37831558.0,35830271.75405928
2024-07-21,pop,21228839.0,21515235.81015952
2024-07-28,pop,39480108.0,38089457.34447888
2024-08-04,pop,37758101.0,36598971.724393174
2024-08-11,pop,17690002.0,17610543.359104753
2024-08-18,pop,17209155.0,16971979.671370286
2024-09-01,pop,8755565.0,8566134.049322765
2024-09-08,pop,17614113.0,17670060.89797336
2024-09-15,pop,40005579.0,40505328.86348635
2024-09-22,pop,30822660.0,30955942.2008582
2024-09-29,pop,38553016.0,39776273.910957016
2024-10-06,pop,37674933.0,38985188.496425346
2024-10-13,pop,46937984.0,48339861.267905176
2024-10-20,pop,45865174.0,45493090.189701
2024-10-27,pop,46401721.0,44774291.40061317
2024-11-03,pop,37205528.0,34278586.89154998
2024-11-10,pop,35078269.0,35758803.44443584
2024-11-17,pop,54799671.0,55567738.18135424
2024-11-24,pop,48462296.0,48209632.66050726
2024-12-01,pop,58774333.0,57081714.96051969
2024-12-08,pop,43287674.0,40899604.01333475
2024-12-15,pop,21426464.0,21903855.977921918
2024-12-22,pop,48425875.0,50869432.77916857
2025-01-05,pop,65011465.0,76362062.10891709
2025-01-12,pop,44451746.0,52906319.96914496
2025-01-19,pop,78281188.0,87610554.58642548
2025-01-26,pop,109333616.0,105886244.05834204
2025-02-02,pop,362146420.0,377792521.4564993
2025-02-09,pop,382966452.0,376162286.38815516
2025-02-16,pop,358488252.0,362924262.28163147
2025-02-23,pop,307448033.0,311000304.9963628
2025-03-02,pop,318602137.0,330645188.3551491
2025-03-09,pop,337634476.0,359658565.45634973
2025-03-16,pop,317578867.0,327048319.83897877
2025-03-23,pop,284221436.0,293231381.54525715
2018-06-24,randb,3922084.0,4501343.276268552
2018-07-01,randb,3935635.0,4542034.458808234
2018-07-08,randb,4249271.0,4524065.996134623
2018-07-15,randb,3923893.0,4542034.458808234
2018-08-05,randb,3827877.0,4902252.447099121
2018-09-30,randb,3947085.0,4845142.833383844
2018-10-21,randb,3943474.0,4845142.833383844
2018-10-28,randb,4188485.0,4501343.276268552
2020-09-27,randb,4813448.0,5068473.6210248675
2020-10-04,randb,4873917.0,5068473.6210248675
2020-10-11,randb,4932443.0,5068473.6210248675
2020-10-18,randb,4933943.0,5068473.6210248675
2020-10-25,randb,4895499.0,5068473.6210248675
2020-11-01,randb,4801382.0,5068473.6210248675
2020-11-22,randb,4781588.0,8502186.130647752
2021-01-10,randb,4655272.0,8589567.942307541
2021-07-04,randb,5489681.0,6324512.255955209
2021-07-11,randb,5361658.0,6324512.255955209
2021-07-18,randb,5322519.0,6324512.255955209
2021-07-25,randb,5328389.0,6324512.255955209
2021-08-01,randb,5238547.0,6324512.255955209
2021-08-08,randb,5115477.0,6324512.255955209
2021-08-15,randb,5053737.0,6324512.255955209
2021-08-22,randb,4976644.0,6324512.255955209
2023-04-09,randb,8553471.0,8818397.992498528
2023-04-16,randb,8015759.0,8592819.107630035
2023-04-23,randb,8030009.0,8551697.598371502
2023-04-30,randb,8044157.0,8418041.896329053
2023-05-07,randb,8022495.0,8398346.940226434
2023-05-14,randb,7767717.0,8424926.07824587
2023-05-21,randb,7675352.0,8435827.265482157
2023-06-18,randb,7713512.0,8615313.53722139
2023-06-25,randb,7761330.0,8615313.53722139
2023-07-02,randb,8464157.0,8567695.06442363
2023-07-09,randb,8104955.0,8665098.886552481
2023-07-23,randb,8062596.0,8480617.82197638
2023-07-30,randb,7887250.0,8480617.82197638
2023-10-08,randb,7501107.0,8545335.387990301
2024-02-04,randb,8984676.0,8333594.942409501
2024-02-11,randb,8715269.0,8301503.13174933
2024-02-18,randb,8840705.0,8301503.13174933
2024-02-25,randb,8783834.0,8285748.691783344
2024-03-03,randb,18258980.0,18070436.81720155
2024-03-10,randb,17815510.0,17934441.37763057
2024-03-17,randb,17498411.0,17708925.64536123
2024-03-24,randb,17226446.0,17306622.973906647
2024-03-31,randb,8941691.0,8764905.424224261
2024-04-07,randb,8737576.0,8795887.401597014
2024-04-14,randb,17902823.0,17925905.071771365
2024-04-21,randb,17943212.0,17848835.567177948
2024-04-28,randb,8713359.0,9809293.965323081
2024-05-19,randb,8914617.0,9092594.061225794
2024-05-26,randb,9392884.0,9276243.755956892
2024-09-15,randb,9368240.0,9241462.664815782
2024-09-22,randb,8971116.0,9152627.283202386
2024-09-29,randb,8856659.0,9052464.511527486
2024-10-06,randb,8921269.0,8923123.644073546
2024-10-13,randb,19284319.0,18434144.869285256
2024-10-20,randb,28197375.0,28547463.008517914
2024-10-27,randb,28619443.0,28357689.918862835
2024-11-03,randb,27464267.0,27417419.182790108
2024-11-10,randb,37204035.0,38951808.53129439
2024-11-17,randb,29033627.0,29273830.43594949
2024-11-24,randb,39436825.0,38747960.72347865
2024-12-01,randb,19619231.0,20093045.14413245
2024-12-08,randb,21374751.0,20131131.67331768
2024-12-15,randb,10397156.0,11128784.677819557
2024-12-22,randb,10831706.0,10910843.996938026
2024-12-29,randb,10502428.0,11025512.29038612
2025-02-02,randb,44204810.0,44813330.36154352
2025-02-09,randb,57068069.0,54511442.20275216
2025-02-16,randb,57588238.0,57007455.46475976
2025-02-23,randb,44692234.0,47849902.208917856
2025-03-02,randb,43212142.0,45623575.454001755
2025-03-09,randb,48951050.0,54914318.18143774
2025-03-16,randb,48653970.0,51395943.26768244
2025-03-23,randb,38723789.0,42660399.32844128
2019-02-10,rap_hip_hop,5315867.0,5448679.025267405
2019-02-17,rap_hip_hop,5174558.0,5190305.886751892
2019-02-24,rap_hip_hop,5056406.0,4865564.843935436
2019-03-03,rap_hip_hop,4831134.0,4747781.601374017
2019-03-10,rap_hip_hop,4733110.0,4534796.908178475
2019-03-17,rap_hip_hop,4663204.0,4472662.468862347
2019-03-24,rap_hip_hop,4539023.0,4468026.573580414
2019-04-07,rap_hip_hop,9622387.0,14675628.793471131
2019-04-14,rap_hip_hop,5195344.0,5406941.584967388
2019-04-21,rap_hip_hop,4921132.0,5406941.584967388
2019-04-28,rap_hip_hop,4704524.0,5406941.584967388
2019-05-05,rap_hip_hop,4797581.0,5406941.584967388
2019-05-12,rap_hip_hop,4745189.0,5406941.584967388
2019-05-19,rap_hip_hop,4578749.0,5406941.584967388
2019-07-21,rap_hip_hop,5442757.0,5924111.562254057
2019-07-28,rap_hip_hop,5305158.0,5924111.562254057
2019-08-04,rap_hip_hop,5152538.0,5924111.562254057
2019-08-11,rap_hip_hop,5028820.0,5924111.562254057
2019-08-18,rap_hip_hop,4863545.0,5924111.562254057
2019-08-25,rap_hip_hop,4826023.0,5924111.562254057
2019-09-01,rap_hip_hop,4805375.0,5924111.562254057
2019-09-08,rap_hip_hop,4680791.0,5924111.562254057
2019-11-03,rap_hip_hop,4967774.0,5202500.31004968
2019-11-10,rap_hip_hop,4813939.0,5202500.31004968
2019-11-17,rap_hip_hop,4741558.0,5217211.204676219
2019-11-24,rap_hip_hop,4681355.0,5217211.204676219
2019-12-01,rap_hip_hop,4641240.0,5222361.97230323
2020-01-05,rap_hip_hop,4743162.0,6193625.417833541
2020-01-12,rap_hip_hop,4842613.0,5955610.866343219
2020-01-19,rap_hip_hop,4831644.0,5955610.866343219
2020-02-02,rap_hip_hop,4822513.0,5620173.11268405
2020-02-09,rap_hip_hop,4804413.0,5452545.68627745
2020-02-16,rap_hip_hop,4828840.0,5435940.302733146
2020-03-15,rap_hip_hop,5251918.0,6696854.105094378
2020-03-29,rap_hip_hop,4639102.0,5582896.145502442
2020-04-05,rap_hip_hop,4463723.0,5457713.0249322085
2020-04-12,rap_hip_hop,8837305.0,10782419.392700419
2020-04-19,rap_hip_hop,8766061.0,10628372.611204252
2020-04-26,rap_hip_hop,8766735.0,10626344.071592033
2020-05-03,rap_hip_hop,8746703.0,10616709.28406943
2020-05-10,rap_hip_hop,4565400.0,5414494.515676532
2020-05-17,rap_hip_hop,4270734.0,5971156.6610327065
2020-06-14,rap_hip_hop,9075470.0,10952390.449123392
2020-06-21,rap_hip_hop,4842331.0,5046122.801622933
2020-06-28,rap_hip_hop,4760236.0,5046122.801622933
2020-07-05,rap_hip_hop,4719975.0,5046122.801622933
2020-07-12,rap_hip_hop,4597836.0,5046122.801622933
2020-07-26,rap_hip_hop,4492207.0,8475478.906951988
2020-08-16,rap_hip_hop,4461828.0,8475478.906951988
2020-08-23,rap_hip_hop,4351784.0,5924471.406738413
2020-09-06,rap_hip_hop,4631089.0,4737167.945255262
2020-09-13,rap_hip_hop,4571470.0,4698261.321409609
2020-09-27,rap_hip_hop,9326094.0,9810469.286010388
2020-10-04,rap_hip_hop,4771408.0,4792988.801800028
2020-10-11,rap_hip_hop,4834328.0,4816128.341669819
2020-10-18,rap_hip_hop,4842676.0,4833137.457932147
2020-10-25,rap_hip_hop,4893812.0,4813100.996761873
2020-11-01,rap_hip_hop,4912628.0,4815417.040362435
2020-11-15,rap_hip_hop,4791424.0,4823331.683669295
2020-11-22,rap_hip_hop,4872409.0,4812547.033182054
2021-01-24,rap_hip_hop,4951231.0,5074920.031073695
2021-01-31,rap_hip_hop,5193357.0,5028941.381742438
2021-02-07,rap_hip_hop,5113529.0,5205822.5758364815
2021-02-14,rap_hip_hop,5116294.0,5157176.692051535
2021-02-21,rap_hip_hop,5003825.0,5176927.785587183
2021-02-28,rap_hip_hop,5083545.0,5211313.102439458
2021-03-07,rap_hip_hop,5165664.0,5211313.102439458
2021-03-14,rap_hip_hop,10873103.0,10935491.482697323
2021-03-21,rap_hip_hop,10901478.0,10916516.318821121
2021-03-28,rap_hip_hop,10691538.0,10946631.313916713
2021-04-04,rap_hip_hop,5467024.0,5719478.093521361
2021-04-11,rap_hip_hop,10351952.0,11196082.123429675
2021-04-18,rap_hip_hop,10469990.0,10781790.694406142
2021-04-25,rap_hip_hop,15283600.0,16318432.93250773
2021-05-02,rap_hip_hop,15414679.0,15928757.5673646
2021-05-09,rap_hip_hop,5562114.0,5398053.61077276
2021-05-16,rap_hip_hop,5386998.0,5398053.61077276
2021-05-23,rap_hip_hop,5248463.0,5407121.430473974
2021-06-06,rap_hip_hop,5209265.0,7143050.83763785
2021-06-27,rap_hip_hop,4898977.0,7118791.033431501
2021-07-04,rap_hip_hop,5489681.0,6324512.255955209
2021-07-11,rap_hip_hop,5361658.0,6324512.255955209
2021-07-18,rap_hip_hop,5322519.0,6324512.255955209
2021-07-25,rap_hip_hop,5328389.0,6324512.255955209
2021-08-01,rap_hip_hop,5238547.0,6324512.255955209
2021-08-08,rap_hip_hop,5115477.0,6324512.255955209
2021-08-15,rap_hip_hop,5053737.0,6324512.255955209
2021-08-22,rap_hip_hop,4976644.0,6324512.255955209
2021-09-05,rap_hip_hop,5829947.0,6916526.38222945
2021-09-12,rap_hip_hop,5624497.0,6916526.38222945
2021-09-19,rap_hip_hop,5525427.0,6916526.38222945
2021-09-26,rap_hip_hop,5431486.0,6916526.38222945
2021-10-03,rap_hip_hop,5328742.0,6916526.38222945
2021-10-10,rap_hip_hop,5245549.0,6916526.38222945
2021-10-17,rap_hip_hop,5188603.0,6916526.38222945
2021-11-07,rap_hip_hop,5543262.0,5323642.874292324
2021-11-14,rap_hip_hop,5618241.0,5370750.485553709
2021-11-21,rap_hip_hop,5634231.0,5621868.510071004
2021-11-28,rap_hip_hop,5543017.0,5626356.140614365
2021-12-05,rap_hip_hop,5501607.0,5590030.683379123
2021-12-12,rap_hip_hop,5645275.0,5590260.117151347
2022-01-09,rap_hip_hop,10476465.0,16416767.227791416
2022-01-16,rap_hip_hop,5616046.0,6037365.849721796
2022-01-23,rap_hip_hop,5686731.0,6047962.837990195
2022-01-30,rap_hip_hop,11078076.0,11501286.054590132
2022-02-06,rap_hip_hop,11068224.0,11360110.576709919
2022-02-13,rap_hip_hop,5742152.0,6026394.48682279
2022-02-20,rap_hip_hop,5574007.0,6026394.48682279
2022-02-27,rap_hip_hop,5339597.0,6037365.849721796
2022-03-13,rap_hip_hop,5388430.0,5718295.973837767
2022-03-20,rap_hip_hop,11393673.0,11855872.461159673
2022-03-27,rap_hip_hop,5927069.0,6364958.86817958
2022-04-03,rap_hip_hop,5887792.0,6342212.612721519
2022-04-10,rap_hip_hop,11096883.0,11758068.79575618
2022-04-17,rap_hip_hop,16545980.0,17189185.308758944
2022-04-24,rap_hip_hop,16427732.0,17577841.660096508
2022-05-01,rap_hip_hop,16458585.0,17452700.667748354
2022-05-08,rap_hip_hop,16532670.0,17573878.156737447
2022-05-15,rap_hip_hop,5660670.0,5839325.185592625
2022-06-05,rap_hip_hop,5556591.0,10462727.032860806
2022-06-19,rap_hip_hop,5692856.0,10462727.032860806
2022-07-03,rap_hip_hop,5483103.0,10471724.4331251
2022-07-10,rap_hip_hop,5441675.0,6626599.374690278
2023-03-12,rap_hip_hop,7776839.0,7778764.202895794
2023-03-19,rap_hip_hop,7867006.0,7737831.228225877
2023-03-26,rap_hip_hop,8001584.0,7832228.279983697
2023-04-02,rap_hip_hop,7688097.0,7839062.94165975
2023-12-10,rap_hip_hop,11420060.0,7612299.27247407
2023-12-17,rap_hip_hop,11774008.0,7725372.912077558
2023-12-24,rap_hip_hop,10822385.0,8751496.076691978
2023-12-31,rap_hip_hop,9463152.0,8787942.096830066
2024-01-07,rap_hip_hop,16816678.0,16918039.282351196
2024-01-14,rap_hip_hop,16621406.0,16588516.013822146
2024-01-21,rap_hip_hop,17130485.0,16059284.955093034
2024-01-28,rap_hip_hop,17208363.0,15764896.64812484
2024-02-04,rap_hip_hop,8954269.0,7820529.6809371365
2024-02-11,rap_hip_hop,8759805.0,7820529.6809371365
2024-02-25,rap_hip_hop,8250537.0,7914739.355326373
2024-03-03,rap_hip_hop,8271309.0,8525081.134572037
2024-03-10,rap_hip_hop,9851218.0,9882332.197445227
2024-03-17,rap_hip_hop,19387234.0,20119917.901698433
2024-03-24,rap_hip_hop,18950531.0,19735539.34025657
2024-03-31,rap_hip_hop,18627474.0,19263477.78856331
2024-04-07,rap_hip_hop,17891490.0,18749541.819466203
2024-04-14,rap_hip_hop,19441947.0,18377570.438307747
2024-04-21,rap_hip_hop,18014141.0,18635714.8659973
2024-05-19,rap_hip_hop,10029066.0,7785146.591073756
2024-06-02,rap_hip_hop,9006202.0,9272273.276665688
2024-06-09,rap_hip_hop,18439997.0,16433766.895477775
2024-06-16,rap_hip_hop,9938177.0,8752374.191610742
2024-06-23,rap_hip_hop,8738397.0,8810599.803779077
2024-07-14,rap_hip_hop,8353137.0,9322125.154881187
2024-09-15,rap_hip_hop,9368240.0,9241462.664815782
2024-10-06,rap_hip_hop,9023957.0,8992112.494504463
2024-10-13,rap_hip_hop,39081861.0,36135042.620123014
2024-10-20,rap_hip_hop,38070112.0,37440288.97982049
2024-10-27,rap_hip_hop,37840025.0,37355055.559985355
2024-11-03,rap_hip_hop,47619617.0,48823241.80332423
2024-11-10,rap_hip_hop,45518805.0,48479008.12730696
2024-11-17,rap_hip_hop,47182180.0,47535524.46886687
2024-11-24,rap_hip_hop,38073227.0,37891148.49875583
2024-12-01,rap_hip_hop,39878844.0,35830274.94238665
2024-12-08,rap_hip_hop,22833990.0,18598899.52539971
2024-12-15,rap_hip_hop,22262455.0,22952486.339940876
2024-12-22,rap_hip_hop,28633071.0,32529105.156563822
2024-12-29,rap_hip_hop,9788894.0,13966819.670781754
2025-01-05,rap_hip_hop,25928170.0,29821882.84967828
2025-01-12,rap_hip_hop,17815658.0,17779539.552860156
2025-01-19,rap_hip_hop,36753990.0,36573893.30702231
2025-01-26,rap_hip_hop,35757911.0,36331381.23766065
2025-02-02,rap_hip_hop,74968573.0,74661460.13650405
2025-02-09,rap_hip_hop,74376712.0,67451059.95325793
2025-02-16,rap_hip_hop,113104629.0,86230707.06507486
2025-02-23,rap_hip_hop,110936447.0,79010337.36015779
2025-03-02,rap_hip_hop,87672833.0,71606047.53621912
2025-03-09,rap_hip_hop,85276118.0,79962282.57171777
2025-03-16,rap_hip_hop,73030283.0,67113076.35675372
2025-03-23,rap_hip_hop,60972474.0,59799618.50313343
2021-07-18,rock,5245550.0,5232814.602315647
2021-07-25,rock,5270735.0,5234014.159915902
2021-08-01,rock,5204983.0,5237479.526341459
2021-08-08,rock,5189058.0,5226555.936053737
2021-08-15,rock,5248513.0,5226555.936053737
2021-08-22,rock,5165317.0,5223508.676535187
2021-08-29,rock,5035534.0,5212225.360710766
2022-01-09,rock,5007609.0,5036111.060087192
2022-09-04,rock,6428204.0,6618491.886251663
2022-09-11,rock,6467713.0,6589819.20595647
2022-09-18,rock,6579338.0,6557803.829948983
2022-09-25,rock,6444905.0,6554914.514349185
2022-10-02,rock,13088950.0,12967272.585488014
2022-10-09,rock,12780355.0,12873222.267719194
2022-10-16,rock,12679106.0,12681457.613057155
2022-10-23,rock,12760640.0,12556387.607320052
2022-10-30,rock,6436800.0,6386510.474808456
2025-01-26,rock,9141020.0,9001129.203817377
2025-02-02,rock,79421216.0,80649950.17195393
2025-02-09,rock,81665741.0,79914121.05698729
2025-02-16,rock,79591008.0,80954488.97700796
2025-02-23,rock,76963322.0,78408260.7726304
2025-03-02,rock,85624163.0,84577707.033575
2025-03-09,rock,82705887.0,83611853.35173044
2025-03-16,rock,83531086.0,82518163.01950178
2025-03-23,rock,66818135.0,66838686.62103769
2020-11-22,singer_and_songwriter,5407600.0,5447775.33946778
2020-11-29,singer_and_songwriter,5264020.0,5401887.02923159
2021-01-10,singer_and_songwriter,4546195.0,5226315.822070214
2021-01-17,singer_and_songwriter,4870191.0,4758655.525254169
2021-01-24,singer_and_songwriter,4855977.0,4843595.279024191
2021-01-31,singer_and_songwriter,4893822.0,4803552.447412065
2021-02-07,singer_and_songwriter,4925949.0,4900721.584754004
2021-02-14,singer_and_songwriter,4900492.0,4933218.355064457
2021-04-04,singer_and_songwriter,5633447.0,5735055.020400475
2021-04-11,singer_and_songwriter,5411933.0,5740034.152046043
2021-04-18,singer_and_songwriter,5348974.0,5740034.152046043
2021-04-25,singer_and_songwriter,5315605.0,5696335.075615829
2021-05-02,singer_and_songwriter,5266070.0,5696335.075615829
2021-05-09,singer_and_songwriter,5226154.0,5696335.075615829
2021-05-16,singer_and_songwriter,5172015.0,5696335.075615829
2021-05-23,singer_and_songwriter,5127736.0,5696335.075615829
2025-02-02,singer_and_songwriter,10755451.0,10915938.951486398
2025-02-09,singer_and_songwriter,10861421.0,10888016.024576457
2025-02-16,singer_and_songwriter,10803987.0,10965858.66834865
2025-02-23,singer_and_songwriter,10666345.0,10942432.987019148
2025-03-02,singer_and_songwriter,10470139.0,10923436.767710326
2025-03-09,singer_and_songwriter,10011191.0,10472734.907385767
2025-03-16,singer_and_songwriter,10078343.0,10265280.4398736
2025-03-23,singer_and_songwriter,10281079.0,10265280.4398736
2023-01-15,techno_house,7220266.0,7564743.94656559
2023-01-22,techno_house,7123857.0,7207207.726488406
2023-01-29,techno_house,7098332.0,7182762.413740676
2024-07-14,techno_house,8565541.0,7400789.5142151965
2024-07-28,techno_house,8672897.0,8007178.563681378
2024-08-04,techno_house,8569901.0,8365376.412532962
2024-08-11,techno_house,9043121.0,8189435.1890069535
2024-08-18,techno_house,8683855.0,8214343.145230581
2024-10-20,techno_house,9474300.0,10147141.955226567
2024-10-27,techno_house,10079705.0,10038042.100543352
2024-11-03,techno_house,9212114.0,9862583.178121295
2024-11-10,techno_house,8877789.0,9738903.339812975
2025-02-09,techno_house,10063691.0,9697358.448144255
2025-02-16,techno_house,9175045.0,9770536.754211366
2025-03-09,techno_house,8024969.0,9663494.15541437
2025-03-16,techno_house,8452867.0,7553800.862874189
